Timestamp,Values,Slope
2024-06-26 09:36:00,99,-1.0
2024-06-26 09:42:00,98,-1.0
2024-06-26 09:57:00,97,-1.0
2024-06-26 09:58:00,97,-1.0
2024-06-26 10:11:00,96,-1.0
2024-06-26 10:33:00,95,-1.0
2024-06-26 10:41:00,94,-1.0
2024-06-26 10:54:00,93,-1.0
2024-06-26 10:58:00,92,-1.0
2024-06-26 10:59:00,92,-1.0
2024-06-26 11:04:00,91,-1.0
2024-06-26 11:08:00,90,-1.0
2024-06-26 11:23:00,89,-1.0
2024-06-26 11:30:00,88,-1.0
2024-06-26 11:34:00,87,-1.0
2024-06-26 11:37:00,86,-1.0
2024-06-26 11:39:00,85,-1.0
2024-06-26 11:41:00,84,-1.0
2024-06-26 11:47:00,83,-1.0
2024-06-26 11:49:00,82,-1.0
2024-06-26 11:50:00,82,-1.0
2024-06-26 11:54:00,81,-1.0
2024-06-26 11:56:00,80,-1.0
2024-06-26 11:59:00,79,-1.0
2024-06-26 12:01:00,78,-1.0
2024-06-26 12:01:00,78,-1.0
2024-06-26 12:05:00,77,-1.0
2024-06-26 12:12:00,75,-2.0
2024-06-26 12:13:00,74,-1.0
2024-06-26 12:17:00,73,-1.0
2024-06-26 12:20:00,72,-1.0
2024-06-26 12:23:00,71,-1.0
2024-06-26 12:25:00,70,-1.0
2024-06-26 12:28:00,69,-1.0
2024-06-26 12:31:00,68,-1.0
2024-06-26 12:34:00,67,-1.0
2024-06-26 12:37:00,66,-1.0
2024-06-26 12:41:00,65,-1.0
2024-06-26 12:46:00,64,-1.0
2024-06-26 12:50:00,63,-1.0
2024-06-26 12:51:00,62,-1.0
2024-06-26 12:54:00,61,-1.0
2024-06-26 12:56:00,61,-1.0
2024-06-26 13:00:00,60,-1.0
2024-06-26 13:04:00,59,-1.0
2024-06-26 13:05:00,58,-1.0
2024-06-26 13:07:00,58,-1.0
2024-06-26 13:12:00,57,-1.0
2024-06-26 13:13:00,56,-1.0
2024-06-26 13:17:00,55,-1.0
2024-06-26 13:19:00,54,-1.0
2024-06-26 13:24:00,53,-1.0
2024-06-26 13:27:00,52,-1.0
2024-06-26 13:35:00,51,-1.0
2024-06-26 13:37:00,50,-1.0
2024-06-26 13:40:00,49,-1.0
2024-06-26 13:42:00,48,-1.0
2024-06-26 13:46:00,47,-1.0
2024-06-26 13:48:00,46,-1.0
2024-06-26 13:51:00,45,-1.0
2024-06-26 13:54:00,44,-1.0
2024-06-26 13:57:00,43,-1.0
2024-06-26 13:59:00,42,-1.0
2024-06-26 14:04:00,41,-1.0
2024-06-26 15:24:00,89,-1.0
2024-06-26 15:29:00,88,-1.0
2024-06-26 15:30:00,87,-1.0
2024-06-26 15:33:00,86,-1.0
2024-06-26 15:37:00,85,-1.0
2024-06-26 15:39:00,84,-1.0
2024-06-26 15:44:00,83,-1.0
2024-06-26 15:46:00,82,-1.0
2024-06-26 15:50:00,81,-1.0
2024-06-26 15:53:00,80,-1.0
2024-06-26 15:54:00,80,-1.0
2024-06-26 15:57:00,79,-1.0
2024-06-26 15:59:00,78,-1.0
2024-06-26 16:04:00,77,-1.0
2024-06-26 16:05:00,76,-1.0
2024-06-26 16:08:00,75,-1.0
2024-06-26 16:10:00,74,-1.0
2024-06-26 16:13:00,73,-1.0
2024-06-26 16:17:00,72,-1.0
2024-06-26 16:20:00,71,-1.0
2024-06-26 16:22:00,70,-1.0
2024-06-26 16:29:00,69,-1.0
2024-06-26 16:30:00,68,-1.0
2024-06-26 16:33:00,67,-1.0
2024-06-26 16:37:00,66,-1.0
2024-06-26 16:43:00,65,-1.0
2024-06-26 16:44:00,64,-1.0
2024-06-26 16:49:00,63,-1.0
2024-06-26 16:51:00,62,-1.0
2024-06-26 16:56:00,61,-1.0
2024-06-26 16:59:00,60,-1.0
2024-06-26 17:03:00,59,-1.0
2024-06-26 17:09:00,57,-1.0
2024-06-26 17:12:00,56,-1.0
2024-06-26 17:17:00,55,-1.0
2024-06-26 17:23:00,53,-1.0
2024-06-26 17:26:00,52,-1.0
2024-06-26 17:32:00,51,-1.0
2024-06-26 17:33:00,50,-1.0
2024-06-26 17:37:00,49,-1.0
2024-06-26 17:39:00,48,-1.0
2024-06-26 17:43:00,47,-1.0
2024-06-26 17:49:00,46,-1.0
2024-06-26 17:56:00,45,-1.0
2024-06-26 18:00:00,44,-1.0
2024-06-26 18:08:00,43,-1.0
2024-06-26 18:14:00,42,-1.0
2024-06-26 18:15:00,42,-1.0
2024-06-26 18:25:00,41,-1.0
2024-06-26 18:31:00,40,-1.0
2024-06-26 18:48:00,39,-1.0
2024-06-26 19:02:00,38,-1.0
2024-06-26 19:24:00,37,-1.0
2024-06-26 19:34:00,36,-1.0
2024-06-26 20:05:00,35,-1.0
2024-06-26 20:12:00,34,-1.0
2024-06-26 20:34:00,33,-1.0
2024-06-26 20:49:00,32,-1.0
2024-06-26 22:39:00,99,-1.0
2024-06-26 22:42:00,98,-1.0
2024-06-26 22:45:00,97,-1.0
2024-06-26 22:53:00,96,-1.0
2024-06-26 23:00:00,95,-1.0
2024-06-26 23:07:00,94,-1.0
2024-06-26 23:16:00,93,-1.0
2024-06-26 23:27:00,92,-1.0
2024-06-26 23:35:00,91,-1.0
2024-06-26 23:44:00,90,-1.0
2024-06-26 23:54:00,89,-1.0
2024-06-27 00:00:00,88,-1.0
2024-06-27 00:11:00,87,-1.0
2024-06-27 00:16:00,86,-1.0
2024-06-27 00:30:00,85,-1.0
2024-06-27 00:33:00,84,-1.0
2024-06-27 00:34:00,84,-1.0
2024-06-27 00:37:00,83,-1.0
2024-06-27 00:39:00,82,-1.0
2024-06-27 00:44:00,81,-1.0
2024-06-27 00:47:00,80,-1.0
2024-06-27 00:52:00,79,-1.0
2024-06-27 00:56:00,78,-1.0
2024-06-27 00:59:00,77,-1.0
2024-06-27 01:07:00,76,-1.0
2024-06-27 01:13:00,75,-1.0
2024-06-27 01:16:00,74,-1.0
2024-06-27 01:20:00,73,-1.0
2024-06-27 01:22:00,72,-1.0
2024-06-27 01:27:00,71,-1.0
2024-06-27 01:39:00,68,-3.0
2024-06-27 01:44:00,66,-2.0
2024-06-27 01:52:00,65,-1.0
2024-06-27 01:55:00,64,-1.0
2024-06-27 02:00:00,63,-1.0
2024-06-27 02:02:00,62,-1.0
2024-06-27 02:06:00,61,-1.0
2024-06-27 02:17:00,59,-1.0
2024-06-27 02:18:00,58,-1.0
2024-06-27 02:22:00,57,-1.0
2024-06-27 02:24:00,56,-1.0
2024-06-27 03:18:00,84,-1.0
2024-06-27 03:25:00,83,-1.0
2024-06-27 03:32:00,81,-2.0
2024-06-27 03:35:00,80,-1.0
2024-06-27 03:41:00,79,-1.0
2024-06-27 03:48:00,78,-1.0
2024-06-27 03:51:00,77,-1.0
2024-06-27 03:54:00,76,-1.0
2024-06-27 03:54:00,76,-1.0
2024-06-27 04:09:00,74,-2.0
2024-06-27 04:10:00,73,-1.0
2024-06-27 04:16:00,72,-1.0
2024-06-27 04:20:00,71,-1.0
2024-06-27 04:24:00,70,-1.0
2024-06-27 04:25:00,70,-1.0
2024-06-27 04:30:00,69,-1.0
2024-06-27 04:33:00,68,-1.0
2024-06-27 04:38:00,67,-1.0
2024-06-27 04:41:00,66,-1.0
2024-06-27 04:45:00,65,-1.0
2024-06-27 04:49:00,64,-1.0
2024-06-27 04:55:00,63,-1.0
2024-06-27 04:57:00,62,-1.0
2024-06-27 05:04:00,61,-1.0
2024-06-27 05:05:00,61,-1.0
2024-06-27 05:07:00,60,-1.0
2024-06-27 05:11:00,59,-1.0
2024-06-27 05:12:00,59,-1.0
2024-06-27 05:15:00,58,-1.0
2024-06-27 05:19:00,57,-1.0
2024-06-27 05:22:00,56,-1.0
2024-06-27 05:27:00,55,-1.0
2024-06-27 05:31:00,54,-1.0
2024-06-27 05:35:00,53,-1.0
2024-06-27 05:40:00,52,-1.0
2024-06-27 05:43:00,51,-1.0
2024-06-27 05:49:00,50,-1.0
2024-06-27 05:55:00,49,-1.0
2024-06-27 05:58:00,48,-1.0
2024-06-27 06:03:00,47,-1.0
2024-06-27 06:06:00,46,-1.0
2024-06-27 06:10:00,45,-1.0
2024-06-27 06:12:00,44,-1.0
2024-06-27 06:18:00,43,-1.0
2024-06-27 06:20:00,42,-1.0
2024-06-27 06:21:00,42,-1.0
2024-06-27 06:28:00,41,-1.0
2024-06-27 06:33:00,40,-1.0
2024-06-27 06:34:00,40,-1.0
2024-06-27 06:48:00,39,-1.0
2024-06-27 06:54:00,38,-1.0
2024-06-27 06:55:00,38,-1.0
2024-06-27 14:12:00,99,-1.0
2024-06-27 14:17:00,98,-1.0
2024-06-27 14:23:00,97,-1.0
2024-06-27 14:35:00,96,-1.0
2024-06-27 14:55:00,95,-1.0
2024-06-27 15:08:00,94,-1.0
2024-06-27 15:19:00,93,-1.0
2024-06-27 15:25:00,92,-1.0
2024-06-27 15:26:00,92,-1.0
2024-06-27 15:33:00,91,-1.0
2024-06-27 15:37:00,90,-1.0
2024-06-27 15:43:00,89,-1.0
2024-06-27 15:45:00,88,-1.0
2024-06-27 15:49:00,87,-1.0
2024-06-27 15:52:00,86,-1.0
2024-06-27 15:53:00,86,-1.0
2024-06-27 16:07:00,85,-1.0
2024-06-27 16:10:00,84,-1.0
2024-06-27 16:16:00,83,-1.0
2024-06-27 17:15:00,68,-15.0
2024-06-27 17:17:00,67,-1.0
2024-06-27 17:20:00,66,-1.0
2024-06-27 17:24:00,65,-1.0
2024-06-27 17:27:00,64,-1.0
2024-06-27 17:31:00,63,-1.0
2024-06-27 17:33:00,62,-1.0
2024-06-27 17:37:00,61,-1.0
2024-06-27 17:40:00,60,-1.0
2024-06-27 17:44:00,59,-1.0
2024-06-27 17:46:00,58,-1.0
2024-06-27 17:49:00,57,-1.0
2024-06-27 17:52:00,56,-1.0
2024-06-27 17:56:00,55,-1.0
2024-06-27 18:02:00,54,-1.0
2024-06-27 18:06:00,53,-1.0
2024-06-27 18:08:00,52,-1.0
2024-06-27 18:11:00,51,-1.0
2024-06-27 18:13:00,50,-1.0
2024-06-27 18:16:00,49,-1.0
2024-06-27 18:18:00,48,-1.0
2024-06-27 18:23:00,47,-1.0
2024-06-27 18:26:00,46,-1.0
2024-06-27 18:29:00,45,-1.0
2024-06-27 18:32:00,44,-1.0
2024-06-27 19:45:00,88,-1.0
2024-06-27 19:49:00,87,-1.0
2024-06-27 19:51:00,86,-1.0
2024-06-27 19:55:00,85,-1.0
2024-06-27 19:57:00,84,-1.0
2024-06-27 20:05:00,83,-1.0
2024-06-27 20:08:00,82,-1.0
2024-06-27 20:12:00,81,-1.0
2024-06-27 20:15:00,80,-1.0
2024-06-27 20:20:00,79,-1.0
2024-06-27 20:22:00,78,-1.0
2024-06-27 20:32:00,76,-2.0
2024-06-27 20:33:00,75,-1.0
2024-06-27 20:35:00,74,-1.0
2024-06-27 20:38:00,73,-1.0
2024-06-27 20:39:00,73,-1.0
2024-06-27 20:40:00,72,-1.0
2024-06-27 20:47:00,70,-2.0
2024-06-27 20:51:00,69,-1.0
2024-06-27 20:54:00,68,-1.0
2024-06-27 20:59:00,67,-1.0
2024-06-27 21:05:00,66,-1.0
2024-06-27 21:09:00,65,-1.0
2024-06-27 21:11:00,64,-1.0
2024-06-27 21:16:00,63,-1.0
2024-06-27 21:20:00,62,-1.0
2024-06-27 21:24:00,61,-1.0
2024-06-27 21:27:00,60,-1.0
2024-06-27 21:31:00,59,-1.0
2024-06-27 21:36:00,58,-1.0
2024-06-27 21:37:00,57,-1.0
2024-06-27 21:38:00,56,-1.0
2024-06-27 21:42:00,55,-1.0
2024-06-27 21:47:00,54,-1.0
2024-06-27 21:49:00,52,-1.0
2024-06-27 21:52:00,51,-1.0
2024-06-27 21:55:00,50,-1.0
2024-06-27 22:01:00,49,-1.0
2024-06-27 22:05:00,47,-1.0
2024-06-27 22:06:00,46,-1.0
2024-06-27 22:11:00,45,-1.0
2024-06-27 22:16:00,44,-1.0
2024-06-27 22:25:00,43,-1.0
2024-06-27 22:27:00,42,-1.0
2024-06-27 22:32:00,41,-1.0
2024-06-27 22:36:00,40,-1.0
2024-06-27 22:43:00,39,-1.0
2024-06-27 22:48:00,38,-1.0
2024-06-27 22:59:00,37,-1.0
2024-06-27 23:03:00,36,-1.0
2024-06-27 23:04:00,36,-1.0
2024-06-27 23:16:00,35,-1.0
2024-06-27 23:25:00,34,-1.0
2024-06-27 23:31:00,33,-1.0
2024-06-27 23:36:00,32,-1.0
2024-06-27 23:45:00,31,-1.0
2024-06-27 23:56:00,30,-1.0
2024-06-28 00:20:00,29,-1.0
2024-06-28 01:05:00,28,-1.0
2024-06-28 07:01:00,99,-1.0
2024-06-28 07:50:00,98,-1.0
2024-06-28 09:04:00,97,-1.0
2024-06-28 09:08:00,96,-1.0
2024-06-28 09:37:00,95,-1.0
2024-06-28 09:43:00,94,-1.0
2024-06-28 10:03:00,93,-1.0
2024-06-28 10:16:00,92,-1.0
2024-06-28 10:37:00,91,-1.0
2024-06-28 10:56:00,90,-1.0
2024-06-28 11:12:00,89,-1.0
2024-06-28 11:30:00,88,-1.0
2024-06-28 11:31:00,88,-1.0
2024-06-28 11:44:00,87,-1.0
2024-06-28 11:46:00,86,-1.0
2024-06-28 11:50:00,85,-1.0
2024-06-28 11:59:00,84,-1.0
2024-06-28 12:16:00,83,-1.0
2024-06-28 12:18:00,82,-1.0
2024-06-28 12:23:00,81,-1.0
2024-06-28 12:29:00,80,-1.0
2024-06-28 12:34:00,79,-1.0
2024-06-28 12:37:00,78,-1.0
2024-06-28 12:43:00,77,-1.0
2024-06-28 12:48:00,76,-1.0
2024-06-28 12:52:00,75,-1.0
2024-06-28 12:56:00,75,-1.0
2024-06-28 12:58:00,74,-1.0
2024-06-28 13:03:00,73,-1.0
2024-06-28 13:09:00,72,-1.0
2024-06-28 13:14:00,71,-1.0
2024-06-28 13:17:00,70,-1.0
2024-06-28 13:24:00,69,-1.0
2024-06-28 13:27:00,68,-1.0
2024-06-28 13:33:00,67,-1.0
2024-06-28 13:37:00,66,-1.0
2024-06-28 13:39:00,65,-1.0
2024-06-28 13:42:00,64,-1.0
2024-06-28 13:46:00,63,-1.0
2024-06-28 13:56:00,60,-2.0
2024-06-28 13:59:00,59,-1.0
2024-06-28 14:01:00,58,-1.0
2024-06-28 14:04:00,58,-1.0
2024-06-28 14:09:00,57,-1.0
2024-06-28 14:12:00,56,-1.0
2024-06-28 14:16:00,56,-1.0
2024-06-28 14:19:00,54,-1.0
2024-06-28 14:24:00,53,-1.0
2024-06-28 14:27:00,52,-1.0
2024-06-28 14:33:00,51,-1.0
2024-06-28 14:38:00,50,-1.0
2024-06-28 14:42:00,49,-1.0
2024-06-28 14:44:00,48,-1.0
2024-06-28 14:50:00,47,-1.0
2024-06-28 15:42:00,77,-1.0
2024-06-28 15:45:00,76,-1.0
2024-06-28 15:53:00,75,-2.0
2024-06-28 15:54:00,74,-1.0
2024-06-28 15:58:00,73,-1.0
2024-06-28 16:01:00,72,-1.0
2024-06-28 16:06:00,71,-1.0
2024-06-28 16:07:00,71,-1.0
2024-06-28 16:09:00,70,-1.0
2024-06-28 16:15:00,69,-1.0
2024-06-28 16:16:00,68,-1.0
2024-06-28 16:21:00,67,-1.0
2024-06-28 16:24:00,66,-1.0
2024-06-28 16:27:00,65,-1.0
2024-06-28 16:28:00,65,-1.0
2024-06-28 16:30:00,64,-1.0
2024-06-28 16:34:00,63,-1.0
2024-06-28 16:35:00,63,-1.0
2024-06-28 16:38:00,62,-1.0
2024-06-28 16:44:00,61,-1.0
2024-06-28 16:46:00,60,-1.0
2024-06-28 16:51:00,59,-1.0
2024-06-28 16:54:00,58,-1.0
2024-06-28 16:58:00,57,-1.0
2024-06-28 17:00:00,56,-1.0
2024-06-28 17:05:00,55,-1.0
2024-06-28 17:09:00,54,-1.0
2024-06-28 17:12:00,53,-1.0
2024-06-28 17:13:00,53,-1.0
2024-06-28 17:16:00,52,-1.0
2024-06-28 17:26:00,50,-2.0
2024-06-28 17:27:00,49,-1.0
2024-06-28 17:29:00,48,-1.0
2024-06-28 17:29:00,48,-1.0
2024-06-28 17:33:00,47,-1.0
2024-06-28 17:34:00,47,-1.0
2024-06-28 17:38:00,46,-1.0
2024-06-28 17:42:00,45,-1.0
2024-06-28 17:47:00,44,-1.0
2024-06-28 17:48:00,44,-1.0
2024-06-28 17:56:00,43,-1.0
2024-06-28 17:58:00,42,-1.0
2024-06-28 17:59:00,42,-1.0
2024-06-28 18:03:00,41,-1.0
2024-06-28 18:07:00,40,-1.0
2024-06-28 18:15:00,39,-1.0
2024-06-28 18:20:00,38,-1.0
2024-06-28 18:29:00,37,-1.0
2024-06-28 18:36:00,36,-1.0
2024-06-28 18:37:00,36,-1.0
2024-06-28 18:48:00,35,-1.0
2024-06-28 18:56:00,34,-1.0
2024-06-28 19:12:00,33,-1.0
2024-06-28 19:21:00,32,-1.0
2024-06-28 22:09:00,99,-1.0
2024-06-28 22:16:00,98,-1.0
2024-06-28 22:25:00,97,-1.0
2024-06-28 22:26:00,97,-1.0
2024-06-28 22:41:00,96,-1.0
2024-06-28 23:01:00,95,-1.0
2024-06-28 23:06:00,94,-1.0
2024-06-28 23:15:00,93,-1.0
2024-06-28 23:21:00,92,-1.0
2024-06-28 23:26:00,91,-1.0
2024-06-28 23:38:00,90,-1.0
2024-06-28 23:43:00,89,-1.0
2024-06-28 23:46:00,88,-1.0
2024-06-28 23:51:00,87,-1.0
2024-06-28 23:56:00,86,-1.0
2024-06-29 00:02:00,85,-1.0
2024-06-29 00:06:00,84,-1.0
2024-06-29 00:13:00,83,-1.0
2024-06-29 00:14:00,82,-1.0
2024-06-29 00:20:00,81,-1.0
2024-06-29 00:23:00,80,-1.0
2024-06-29 00:29:00,79,-1.0
2024-06-29 00:34:00,78,-1.0
2024-06-29 00:41:00,77,-1.0
2024-06-29 00:45:00,76,-1.0
2024-06-29 00:50:00,75,-1.0
2024-06-29 00:53:00,74,-1.0
2024-06-29 00:59:00,73,-1.0
2024-06-29 01:02:00,72,-1.0
2024-06-29 01:07:00,71,-1.0
2024-06-29 01:11:00,70,-1.0
2024-06-29 01:15:00,69,-1.0
2024-06-29 01:28:00,68,-1.0
2024-06-29 01:33:00,67,-1.0
2024-06-29 01:37:00,66,-1.0
2024-06-29 01:43:00,65,-1.0
2024-06-29 01:45:00,64,-1.0
2024-06-29 01:49:00,63,-1.0
2024-06-29 01:52:00,62,-1.0
2024-06-29 01:57:00,61,-1.0
2024-06-29 01:59:00,60,-1.0
2024-06-29 02:06:00,59,-1.0
2024-06-29 02:11:00,58,-1.0
2024-06-29 02:15:00,57,-1.0
2024-06-29 02:35:00,52,-5.0
2024-06-29 02:39:00,51,-1.0
2024-06-29 02:42:00,50,-1.0
2024-06-29 02:47:00,49,-1.0
2024-06-29 02:53:00,48,-1.0
2024-06-29 02:56:00,47,-1.0
2024-06-29 03:00:00,46,-1.0
2024-06-29 03:11:00,43,-3.0
2024-06-29 03:13:00,42,-1.0
2024-06-29 03:17:00,41,-1.0
2024-06-29 03:32:00,40,-1.0
2024-06-29 05:25:00,81,-1.0
2024-06-29 05:28:00,81,-1.0
2024-06-29 05:30:00,80,-1.0
2024-06-29 05:39:00,77,-3.0
2024-06-29 05:42:00,76,-1.0
2024-06-29 05:44:00,75,-1.0
2024-06-29 05:52:00,74,-1.0
2024-06-29 05:54:00,73,-1.0
2024-06-29 05:58:00,72,-1.0
2024-06-29 06:07:00,68,-4.0
2024-06-29 06:10:00,67,-1.0
2024-06-29 06:12:00,66,-1.0
2024-06-29 06:27:00,63,-3.0
2024-06-29 06:30:00,62,-1.0
2024-06-29 06:32:00,61,-1.0
2024-06-29 06:35:00,60,-1.0
2024-06-29 06:39:00,59,-1.0
2024-06-29 06:40:00,58,-1.0
2024-06-29 06:45:00,57,-1.0
2024-06-29 06:46:00,56,-1.0
2024-06-29 06:47:00,56,-1.0
2024-06-29 06:56:00,54,-2.0
2024-06-29 06:58:00,53,-1.0
2024-06-29 07:01:00,52,-1.0
2024-06-29 07:07:00,51,-1.0
2024-06-29 07:09:00,50,-1.0
2024-06-29 07:12:00,49,-1.0
2024-06-29 07:19:00,48,-1.0
2024-06-29 07:23:00,47,-1.0
2024-06-29 07:25:00,46,-1.0
2024-06-29 07:33:00,45,-1.0
2024-06-29 07:46:00,44,-1.0
2024-06-29 08:02:00,43,-1.0
2024-06-29 08:10:00,42,-1.0
2024-06-29 08:19:00,41,-1.0
2024-06-29 08:24:00,41,-1.0
2024-06-29 08:28:00,41,-1.0
2024-06-29 08:35:00,40,-1.0
2024-06-29 08:48:00,39,-1.0
2024-06-29 09:03:00,38,-1.0
2024-06-29 09:06:00,38,-1.0
2024-06-29 11:15:00,99,-1.0
2024-06-29 11:32:00,98,-1.0
2024-06-29 12:21:00,97,-1.0
2024-06-29 12:53:00,96,-1.0
2024-06-29 13:01:00,95,-1.0
2024-06-29 13:05:00,94,-1.0
2024-06-29 13:25:00,93,-1.0
2024-06-29 13:30:00,92,-1.0
2024-06-29 13:41:00,91,-1.0
2024-06-29 13:43:00,91,-1.0
2024-06-29 13:43:00,91,-1.0
2024-06-29 13:58:00,90,-1.0
2024-06-29 14:09:00,89,-1.0
2024-06-29 14:20:00,88,-1.0
2024-06-29 14:39:00,87,-1.0
2024-06-29 14:43:00,86,-1.0
2024-06-29 15:01:00,85,-1.0
2024-06-29 15:22:00,84,-1.0
2024-06-29 15:34:00,83,-1.0
2024-06-29 15:36:00,82,-1.0
2024-06-29 15:40:00,81,-1.0
2024-06-29 15:48:00,80,-1.0
2024-06-29 15:53:00,79,-1.0
2024-06-29 15:56:00,78,-1.0
2024-06-29 16:06:00,77,-1.0
2024-06-29 16:10:00,76,-1.0
2024-06-29 16:22:00,75,-1.0
2024-06-29 16:29:00,74,-1.0
2024-06-29 16:29:00,73,-1.0
2024-06-29 16:38:00,72,-1.0
2024-06-29 16:43:00,71,-1.0
2024-06-29 16:46:00,70,-1.0
2024-06-29 16:54:00,69,-1.0
2024-06-29 16:56:00,68,-1.0
2024-06-29 17:01:00,67,-1.0
2024-06-29 17:07:00,66,-1.0
2024-06-29 17:08:00,66,-1.0
2024-06-29 17:13:00,65,-1.0
2024-06-29 17:15:00,64,-1.0
2024-06-29 17:16:00,64,-1.0
2024-06-29 17:24:00,63,-1.0
2024-06-29 17:26:00,62,-1.0
2024-06-29 17:32:00,61,-1.0
2024-06-29 17:35:00,60,-1.0
2024-06-29 17:38:00,59,-1.0
2024-06-29 17:40:00,58,-1.0
2024-06-29 17:45:00,57,-1.0
2024-06-29 17:47:00,56,-1.0
2024-06-29 17:51:00,55,-1.0
2024-06-29 18:00:00,52,-3.0
2024-06-29 18:03:00,51,-1.0
2024-06-29 18:07:00,50,-1.0
2024-06-29 18:13:00,49,-1.0
2024-06-29 18:19:00,48,-1.0
2024-06-29 18:22:00,47,-1.0
2024-06-29 18:25:00,46,-1.0
2024-06-29 18:33:00,45,-1.0
2024-06-29 18:36:00,44,-1.0
2024-06-29 18:43:00,43,-1.0
2024-06-29 18:51:00,42,-1.0
2024-06-29 18:55:00,41,-1.0
2024-06-29 18:57:00,40,-1.0
2024-06-29 19:02:00,39,-1.0
2024-06-29 20:03:00,77,-1.0
2024-06-29 20:06:00,76,-1.0
2024-06-29 20:10:00,75,-1.0
2024-06-29 20:10:00,75,-1.0
2024-06-29 20:12:00,74,-1.0
2024-06-29 20:16:00,73,-1.0
2024-06-29 20:19:00,72,-1.0
2024-06-29 20:23:00,71,-1.0
2024-06-29 20:27:00,70,-1.0
2024-06-29 20:30:00,69,-1.0
2024-06-29 20:35:00,68,-1.0
2024-06-29 20:39:00,67,-1.0
2024-06-29 20:41:00,66,-1.0
2024-06-29 20:46:00,65,-1.0
2024-06-29 20:51:00,64,-1.0
2024-06-29 20:54:00,63,-1.0
2024-06-29 20:57:00,62,-1.0
2024-06-29 21:04:00,61,-1.0
2024-06-29 21:07:00,60,-1.0
2024-06-29 21:12:00,59,-1.0
2024-06-29 21:16:00,58,-1.0
2024-06-29 21:23:00,57,-1.0
2024-06-29 21:25:00,56,-1.0
2024-06-29 21:30:00,55,-1.0
2024-06-29 21:33:00,54,-1.0
2024-06-29 21:37:00,53,-1.0
2024-06-29 21:41:00,52,-1.0
2024-06-29 21:46:00,51,-1.0
2024-06-29 21:49:00,50,-1.0
2024-06-29 21:54:00,49,-1.0
2024-06-29 21:56:00,48,-1.0
2024-06-29 22:01:00,47,-1.0
2024-06-29 22:02:00,47,-1.0
2024-06-29 22:04:00,46,-1.0
2024-06-29 22:10:00,45,-1.0
2024-06-29 22:13:00,44,-1.0
2024-06-29 22:20:00,43,-1.0
2024-06-29 22:21:00,42,-1.0
2024-06-29 22:26:00,41,-1.0
2024-06-29 22:28:00,40,-1.0
2024-06-29 22:34:00,39,-1.0
2024-06-29 22:38:00,38,-1.0
2024-06-29 22:44:00,37,-1.0
2024-06-29 22:46:00,36,-1.0
2024-06-29 22:55:00,35,-1.0
2024-06-29 23:04:00,34,-1.0
2024-06-29 23:19:00,33,-1.0
2024-06-29 23:24:00,32,-1.0
2024-06-30 04:32:00,99,-1.0
2024-06-30 04:39:00,98,-1.0
2024-06-30 04:46:00,97,-1.0
2024-06-30 04:51:00,96,-1.0
2024-06-30 05:00:00,95,-1.0
2024-06-30 05:07:00,94,-1.0
2024-06-30 05:28:00,93,-1.0
2024-06-30 05:36:00,92,-1.0
2024-06-30 05:46:00,91,-1.0
2024-06-30 05:52:00,90,-1.0
2024-06-30 06:00:00,89,-1.0
2024-06-30 06:06:00,88,-1.0
2024-06-30 06:06:00,88,-1.0
2024-06-30 06:16:00,87,-1.0
2024-06-30 06:22:00,86,-1.0
2024-06-30 06:27:00,85,-1.0
2024-06-30 06:42:00,84,-1.0
2024-06-30 06:46:00,83,-1.0
2024-06-30 06:49:00,82,-1.0
2024-06-30 06:53:00,81,-1.0
2024-06-30 06:58:00,80,-1.0
2024-06-30 07:05:00,79,-1.0
2024-06-30 07:08:00,78,-1.0
2024-06-30 07:13:00,77,-1.0
2024-06-30 07:17:00,76,-1.0
2024-06-30 07:22:00,75,-1.0
2024-06-30 07:24:00,74,-1.0
2024-06-30 07:29:00,73,-1.0
2024-06-30 07:33:00,72,-1.0
2024-06-30 07:37:00,71,-1.0
2024-06-30 07:41:00,70,-1.0
2024-06-30 07:45:00,69,-1.0
2024-06-30 07:48:00,68,-1.0
2024-06-30 07:52:00,67,-1.0
2024-06-30 07:57:00,66,-1.0
2024-06-30 08:04:00,65,-1.0
2024-06-30 08:07:00,64,-1.0
2024-06-30 08:12:00,63,-1.0
2024-06-30 08:15:00,62,-1.0
2024-06-30 08:20:00,61,-1.0
2024-06-30 08:23:00,60,-1.0
2024-06-30 08:27:00,59,-1.0
2024-06-30 08:30:00,58,-1.0
2024-06-30 08:33:00,57,-1.0
2024-06-30 08:36:00,56,-1.0
2024-06-30 08:40:00,55,-1.0
2024-06-30 08:42:00,54,-1.0
2024-06-30 08:47:00,53,-1.0
2024-06-30 08:49:00,52,-1.0
2024-06-30 08:52:00,51,-1.0
2024-06-30 08:55:00,50,-1.0
2024-06-30 08:58:00,49,-1.0
2024-06-30 09:04:00,48,-1.0
2024-06-30 09:05:00,47,-1.0
2024-06-30 09:07:00,46,-1.0
2024-06-30 09:10:00,45,-1.0
2024-06-30 09:13:00,44,-1.0
2024-06-30 10:28:00,90,-1.0
2024-06-30 10:32:00,89,-1.0
2024-06-30 10:33:00,88,-1.0
2024-06-30 10:36:00,87,-1.0
2024-06-30 10:39:00,86,-1.0
2024-06-30 10:43:00,85,-1.0
2024-06-30 10:46:00,84,-1.0
2024-06-30 10:51:00,83,-1.0
2024-06-30 10:53:00,82,-1.0
2024-06-30 10:57:00,81,-1.0
2024-06-30 11:00:00,80,-1.0
2024-06-30 11:04:00,79,-1.0
2024-06-30 11:06:00,78,-1.0
2024-06-30 11:13:00,76,-2.0
2024-06-30 11:14:00,75,-1.0
2024-06-30 11:16:00,74,-1.0
2024-06-30 11:19:00,73,-1.0
2024-06-30 11:21:00,72,-1.0
2024-06-30 11:25:00,71,-1.0
2024-06-30 11:26:00,70,-1.0
2024-06-30 11:30:00,69,-1.0
2024-06-30 11:32:00,68,-1.0
2024-06-30 11:36:00,67,-1.0
2024-06-30 11:38:00,66,-1.0
2024-06-30 11:39:00,66,-1.0
2024-06-30 11:42:00,65,-1.0
2024-06-30 11:46:00,64,-1.0
2024-06-30 11:48:00,63,-1.0
2024-06-30 11:52:00,62,-1.0
2024-06-30 11:56:00,61,-1.0
2024-06-30 11:59:00,60,-1.0
2024-06-30 12:02:00,59,-1.0
2024-06-30 12:02:00,59,-1.0
2024-06-30 12:05:00,58,-1.0
2024-06-30 12:07:00,57,-1.0
2024-06-30 12:09:00,56,-1.0
2024-06-30 12:12:00,55,-1.0
2024-06-30 12:13:00,54,-1.0
2024-06-30 12:17:00,53,-1.0
2024-06-30 12:18:00,52,-1.0
2024-06-30 12:21:00,51,-1.0
2024-06-30 12:22:00,50,-1.0
2024-06-30 12:26:00,49,-1.0
2024-06-30 12:27:00,48,-1.0
2024-06-30 12:28:00,48,-1.0
2024-06-30 12:31:00,47,-1.0
2024-06-30 12:32:00,46,-1.0
2024-06-30 12:35:00,45,-1.0
2024-06-30 12:37:00,44,-1.0
2024-06-30 12:40:00,43,-1.0
2024-06-30 12:43:00,42,-1.0
2024-06-30 12:47:00,41,-1.0
2024-06-30 12:54:00,40,-1.0
2024-06-30 12:56:00,39,-1.0
2024-06-30 12:59:00,38,-1.0
2024-06-30 13:00:00,38,-1.0
2024-06-30 13:04:00,37,-1.0
2024-06-30 13:05:00,36,-1.0
2024-06-30 13:11:00,35,-1.0
2024-06-30 13:14:00,34,-1.0
2024-06-30 13:19:00,33,-1.0
2024-06-30 13:20:00,33,-1.0
2024-06-30 13:26:00,32,-1.0
2024-06-30 13:33:00,31,-1.0
2024-06-30 13:43:00,30,-1.0
2024-06-30 13:53:00,29,-1.0
2024-06-30 14:06:00,28,-1.0
2024-06-30 14:15:00,27,-1.0
2024-06-30 14:26:00,26,-1.0
2024-06-30 14:42:00,25,-1.0
2024-06-30 14:43:00,25,-1.0
2024-06-30 17:54:00,99,-1.0
2024-06-30 19:22:00,98,-1.0
2024-06-30 19:27:00,97,-1.0
2024-06-30 20:02:00,96,-1.0
2024-06-30 20:21:00,95,-1.0
2024-06-30 20:25:00,94,-1.0
2024-06-30 20:42:00,93,-1.0
2024-06-30 20:55:00,92,-1.0
2024-06-30 21:08:00,91,-1.0
2024-06-30 21:12:00,90,-1.0
2024-06-30 21:13:00,90,-1.0
2024-06-30 21:27:00,89,-1.0
2024-06-30 21:38:00,88,-1.0
2024-06-30 21:48:00,87,-1.0
2024-06-30 22:05:00,86,-1.0
2024-06-30 22:10:00,85,-1.0
2024-06-30 22:19:00,84,-1.0
2024-06-30 22:24:00,83,-1.0
2024-06-30 22:30:00,82,-1.0
2024-06-30 22:30:00,82,-1.0
2024-06-30 22:35:00,81,-1.0
2024-06-30 22:37:00,80,-1.0
2024-06-30 22:42:00,79,-1.0
2024-06-30 22:45:00,78,-1.0
2024-06-30 22:52:00,77,-1.0
2024-06-30 22:54:00,76,-1.0
2024-06-30 23:00:00,75,-1.0
2024-06-30 23:04:00,74,-1.0
2024-06-30 23:11:00,73,-1.0
2024-06-30 23:16:00,72,-1.0
2024-06-30 23:23:00,70,-2.0
2024-06-30 23:27:00,69,-1.0
2024-06-30 23:30:00,68,-1.0
2024-06-30 23:40:00,67,-1.0
2024-06-30 23:41:00,67,-1.0
2024-06-30 23:41:00,67,-1.0
2024-06-30 23:42:00,67,-1.0
2024-06-30 23:46:00,66,-1.0
2024-06-30 23:55:00,65,-1.0
2024-06-30 23:58:00,64,-1.0
2024-07-01 00:03:00,63,-1.0
2024-07-01 00:08:00,62,-1.0
2024-07-01 00:15:00,61,-1.0
2024-07-01 00:18:00,60,-1.0
2024-07-01 01:07:00,82,-1.0
2024-07-01 01:18:00,80,-2.0
2024-07-01 01:28:00,79,-1.0
2024-07-01 01:30:00,79,-1.0
2024-07-01 01:33:00,78,-1.0
2024-07-01 01:39:00,77,-1.0
2024-07-01 01:44:00,76,-1.0
2024-07-01 02:02:00,74,-2.0
2024-07-01 02:11:00,73,-1.0
2024-07-01 02:16:00,72,-1.0
2024-07-01 02:22:00,71,-1.0
2024-07-01 02:26:00,70,-1.0
2024-07-01 02:32:00,69,-1.0
2024-07-01 02:36:00,68,-1.0
2024-07-01 02:40:00,67,-1.0
2024-07-01 02:46:00,66,-1.0
2024-07-01 02:52:00,65,-1.0
2024-07-01 02:53:00,65,-1.0
2024-07-01 02:56:00,64,-1.0
2024-07-01 03:03:00,63,-1.0
2024-07-01 03:07:00,62,-1.0
2024-07-01 03:14:00,61,-1.0
2024-07-01 03:18:00,60,-1.0
2024-07-01 03:25:00,59,-1.0
2024-07-01 03:30:00,58,-1.0
2024-07-01 03:36:00,57,-1.0
2024-07-01 03:39:00,56,-1.0
2024-07-01 03:45:00,55,-1.0
2024-07-01 03:48:00,54,-1.0
2024-07-01 03:55:00,53,-1.0
2024-07-01 04:00:00,52,-1.0
2024-07-01 04:05:00,51,-1.0
2024-07-01 04:08:00,50,-1.0
2024-07-01 04:13:00,49,-1.0
2024-07-01 04:16:00,48,-1.0
2024-07-01 04:17:00,48,-1.0
2024-07-01 04:22:00,47,-1.0
2024-07-01 04:23:00,47,-1.0
2024-07-01 04:27:00,46,-1.0
2024-07-01 04:37:00,45,-1.0
2024-07-01 04:54:00,44,-1.0
2024-07-01 05:05:00,43,-1.0
2024-07-01 10:35:00,99,-1.0
2024-07-01 10:46:00,98,-1.0
2024-07-01 11:01:00,97,-1.0
2024-07-01 11:08:00,96,-1.0
2024-07-01 11:57:00,95,-1.0
2024-07-01 12:13:00,94,-1.0
2024-07-01 12:22:00,93,-1.0
2024-07-01 12:28:00,92,-1.0
2024-07-01 12:33:00,91,-1.0
2024-07-01 12:39:00,90,-1.0
2024-07-01 12:47:00,89,-1.0
2024-07-01 12:51:00,88,-1.0
2024-07-01 12:57:00,87,-1.0
2024-07-01 12:59:00,86,-1.0
2024-07-01 13:06:00,85,-1.0
2024-07-01 13:06:00,85,-1.0
2024-07-01 13:11:00,84,-1.0
2024-07-01 13:16:00,83,-1.0
2024-07-01 13:19:00,82,-1.0
2024-07-01 13:23:00,81,-1.0
2024-07-01 13:27:00,80,-1.0
2024-07-01 13:30:00,79,-1.0
2024-07-01 13:33:00,78,-1.0
2024-07-01 13:37:00,77,-1.0
2024-07-01 13:41:00,76,-1.0
2024-07-01 13:45:00,75,-1.0
2024-07-01 13:48:00,74,-1.0
2024-07-01 13:52:00,73,-1.0
2024-07-01 13:54:00,72,-1.0
2024-07-01 13:58:00,71,-1.0
2024-07-01 14:01:00,70,-1.0
2024-07-01 14:07:00,69,-1.0
2024-07-01 14:09:00,68,-1.0
2024-07-01 14:14:00,67,-1.0
2024-07-01 14:17:00,66,-1.0
2024-07-01 14:22:00,65,-1.0
2024-07-01 14:24:00,64,-1.0
2024-07-01 14:28:00,63,-1.0
2024-07-01 14:31:00,62,-1.0
2024-07-01 14:35:00,61,-1.0
2024-07-01 14:38:00,60,-1.0
2024-07-01 14:41:00,59,-1.0
2024-07-01 14:45:00,58,-1.0
2024-07-01 14:49:00,57,-1.0
2024-07-01 15:02:00,56,-1.0
2024-07-01 15:06:00,55,-1.0
2024-07-01 15:08:00,54,-1.0
2024-07-01 15:12:00,53,-1.0
2024-07-01 15:17:00,52,-1.0
2024-07-01 15:19:00,50,-1.0
2024-07-01 15:24:00,49,-1.0
2024-07-01 15:25:00,49,-1.0
2024-07-01 15:32:00,47,-2.0
2024-07-01 15:36:00,46,-1.0
2024-07-01 16:49:00,87,-2.0
2024-07-01 16:51:00,86,-1.0
2024-07-01 16:55:00,85,-1.0
2024-07-01 16:59:00,84,-1.0
2024-07-01 17:05:00,83,-1.0
2024-07-01 17:07:00,82,-1.0
2024-07-01 17:10:00,81,-1.0
2024-07-01 17:13:00,80,-1.0
2024-07-01 17:17:00,79,-1.0
2024-07-01 17:19:00,78,-1.0
2024-07-01 17:25:00,77,-1.0
2024-07-01 17:27:00,76,-1.0
2024-07-01 17:30:00,75,-1.0
2024-07-01 17:32:00,74,-1.0
2024-07-01 17:35:00,73,-1.0
2024-07-01 17:37:00,72,-1.0
2024-07-01 17:40:00,71,-1.0
2024-07-01 17:48:00,69,-2.0
2024-07-01 17:53:00,68,-1.0
2024-07-01 17:56:00,67,-1.0
2024-07-01 18:01:00,66,-1.0
2024-07-01 18:03:00,65,-1.0
2024-07-01 18:07:00,64,-1.0
2024-07-01 18:12:00,63,-1.0
2024-07-01 18:16:00,62,-1.0
2024-07-01 18:21:00,61,-1.0
2024-07-01 18:23:00,60,-1.0
2024-07-01 18:25:00,59,-1.0
2024-07-01 18:28:00,58,-1.0
2024-07-01 18:37:00,57,-1.0
2024-07-01 18:39:00,56,-1.0
2024-07-01 18:45:00,54,-2.0
2024-07-01 18:49:00,53,-1.0
2024-07-01 18:52:00,52,-1.0
2024-07-01 18:53:00,52,-1.0
2024-07-01 18:57:00,51,-1.0
2024-07-01 18:59:00,50,-1.0
2024-07-01 19:03:00,49,-1.0
2024-07-01 19:06:00,48,-1.0
2024-07-01 19:12:00,47,-1.0
2024-07-01 19:18:00,46,-1.0
2024-07-01 19:27:00,45,-1.0
2024-07-01 19:32:00,44,-1.0
2024-07-01 19:37:00,43,-1.0
2024-07-01 19:38:00,43,-1.0
2024-07-01 19:42:00,42,-1.0
2024-07-01 19:50:00,41,-1.0
2024-07-01 19:53:00,40,-1.0
2024-07-01 20:09:00,39,-1.0
2024-07-01 20:18:00,38,-1.0
2024-07-01 20:41:00,37,-1.0
2024-07-01 20:49:00,36,-1.0
2024-07-01 21:00:00,35,-1.0
2024-07-01 21:06:00,34,-1.0
2024-07-01 21:07:00,34,-1.0
2024-07-01 21:27:00,33,-1.0
2024-07-01 21:29:00,33,-1.0
2024-07-01 21:39:00,32,-1.0
2024-07-01 23:16:00,99,-1.0
2024-07-01 23:30:00,98,-1.0
2024-07-01 23:32:00,97,-1.0
2024-07-01 23:35:00,96,-1.0
2024-07-01 23:39:00,95,-1.0
2024-07-01 23:42:00,94,-1.0
2024-07-01 23:44:00,94,-1.0
2024-07-01 23:50:00,93,-1.0
2024-07-01 23:54:00,92,-1.0
2024-07-02 00:07:00,91,-1.0
2024-07-02 00:10:00,90,-1.0
2024-07-02 00:18:00,89,-1.0
2024-07-02 00:19:00,89,-1.0
2024-07-02 00:25:00,88,-1.0
2024-07-02 00:31:00,87,-1.0
2024-07-02 00:36:00,86,-1.0
2024-07-02 00:41:00,85,-1.0
2024-07-02 00:45:00,84,-1.0
2024-07-02 00:50:00,83,-1.0
2024-07-02 00:53:00,82,-1.0
2024-07-02 01:00:00,80,-2.0
2024-07-02 01:05:00,79,-1.0
2024-07-02 01:08:00,78,-1.0
2024-07-02 01:13:00,77,-1.0
2024-07-02 01:15:00,76,-1.0
2024-07-02 01:22:00,75,-1.0
2024-07-02 01:25:00,74,-1.0
2024-07-02 01:32:00,73,-1.0
2024-07-02 01:34:00,72,-1.0
2024-07-02 01:44:00,70,-2.0
2024-07-02 01:47:00,69,-1.0
2024-07-02 01:49:00,68,-1.0
2024-07-02 02:00:00,67,-1.0
2024-07-02 02:02:00,66,-1.0
2024-07-02 02:07:00,65,-1.0
2024-07-02 02:11:00,64,-1.0
2024-07-02 02:16:00,63,-1.0
2024-07-02 02:18:00,62,-1.0
2024-07-02 02:25:00,61,-1.0
2024-07-02 02:26:00,61,-1.0
2024-07-02 02:28:00,60,-1.0
2024-07-02 02:32:00,59,-1.0
2024-07-02 02:51:00,58,-1.0
2024-07-02 03:44:00,81,-1.0
2024-07-02 03:54:00,78,-3.0
2024-07-02 03:59:00,77,-1.0
2024-07-02 04:06:00,76,-1.0
2024-07-02 04:09:00,75,-1.0
2024-07-02 04:09:00,75,-1.0
2024-07-02 04:12:00,74,-1.0
2024-07-02 04:18:00,73,-1.0
2024-07-02 04:19:00,72,-1.0
2024-07-02 04:31:00,71,-1.0
2024-07-02 04:36:00,70,-1.0
2024-07-02 04:40:00,69,-1.0
2024-07-02 04:44:00,68,-1.0
2024-07-02 04:48:00,67,-1.0
2024-07-02 04:51:00,66,-1.0
2024-07-02 04:58:00,65,-1.0
2024-07-02 05:01:00,64,-1.0
2024-07-02 05:05:00,63,-1.0
2024-07-02 05:05:00,63,-1.0
2024-07-02 05:09:00,62,-1.0
2024-07-02 05:16:00,61,-1.0
2024-07-02 05:20:00,60,-1.0
2024-07-02 05:27:00,59,-1.0
2024-07-02 05:30:00,58,-1.0
2024-07-02 05:35:00,57,-1.0
2024-07-02 05:38:00,56,-1.0
2024-07-02 05:43:00,55,-1.0
2024-07-02 05:48:00,54,-1.0
2024-07-02 05:54:00,53,-1.0
2024-07-02 05:57:00,52,-1.0
2024-07-02 06:05:00,51,-1.0
2024-07-02 06:06:00,50,-1.0
2024-07-02 06:12:00,49,-1.0
2024-07-02 06:17:00,48,-1.0
2024-07-02 06:23:00,47,-1.0
2024-07-02 06:28:00,46,-1.0
2024-07-02 06:31:00,45,-1.0
2024-07-02 06:34:00,44,-1.0
2024-07-02 06:37:00,43,-1.0
2024-07-02 06:43:00,42,-1.0
2024-07-02 06:47:00,41,-1.0
2024-07-02 06:50:00,40,-1.0
2024-07-02 06:51:00,40,-1.0
2024-07-02 06:58:00,39,-1.0
2024-07-02 07:04:00,38,-1.0
2024-07-02 07:16:00,37,-1.0
2024-07-02 07:22:00,36,-1.0
2024-07-02 14:10:00,99,-1.0
2024-07-02 14:16:00,98,-1.0
2024-07-02 14:22:00,97,-1.0
2024-07-02 14:31:00,96,-1.0
2024-07-02 14:46:00,95,-1.0
2024-07-02 14:58:00,94,-1.0
2024-07-02 15:08:00,93,-1.0
2024-07-02 15:09:00,93,-1.0
2024-07-02 15:15:00,92,-1.0
2024-07-02 15:24:00,91,-1.0
2024-07-02 15:30:00,90,-1.0
2024-07-02 15:37:00,89,-1.0
2024-07-02 15:43:00,88,-1.0
2024-07-02 15:51:00,87,-1.0
2024-07-02 15:54:00,86,-1.0
2024-07-02 15:59:00,85,-1.0
2024-07-02 16:02:00,84,-1.0
2024-07-02 16:11:00,83,-1.0
2024-07-02 16:13:00,83,-1.0
2024-07-02 16:17:00,82,-1.0
2024-07-02 16:22:00,81,-1.0
2024-07-02 16:23:00,81,-1.0
2024-07-02 16:26:00,80,-1.0
2024-07-02 16:27:00,80,-1.0
2024-07-02 16:31:00,79,-1.0
2024-07-02 16:35:00,78,-1.0
2024-07-02 16:41:00,77,-1.0
2024-07-02 16:44:00,76,-1.0
2024-07-02 16:48:00,75,-1.0
2024-07-02 16:51:00,74,-1.0
2024-07-02 17:01:00,73,-1.0
2024-07-02 17:04:00,72,-1.0
2024-07-02 17:08:00,71,-1.0
2024-07-02 17:10:00,70,-1.0
2024-07-02 17:11:00,70,-1.0
2024-07-02 17:15:00,69,-1.0
2024-07-02 17:18:00,68,-1.0
2024-07-02 17:24:00,67,-1.0
2024-07-02 17:27:00,66,-1.0
2024-07-02 17:32:00,65,-1.0
2024-07-02 17:35:00,64,-1.0
2024-07-02 17:39:00,63,-1.0
2024-07-02 17:43:00,62,-1.0
2024-07-02 17:47:00,61,-1.0
2024-07-02 17:50:00,60,-1.0
2024-07-02 17:56:00,59,-1.0
2024-07-02 17:59:00,58,-1.0
2024-07-02 18:03:00,57,-1.0
2024-07-02 18:06:00,56,-1.0
2024-07-02 18:11:00,55,-1.0
2024-07-02 18:13:00,54,-1.0
2024-07-02 18:18:00,53,-1.0
2024-07-02 18:20:00,53,-1.0
2024-07-02 18:23:00,52,-1.0
2024-07-02 18:27:00,51,-1.0
2024-07-02 18:30:00,50,-1.0
2024-07-02 18:35:00,49,-1.0
2024-07-02 18:41:00,47,-1.0
2024-07-02 18:43:00,46,-1.0
2024-07-02 18:48:00,45,-1.0
2024-07-02 18:50:00,44,-1.0
2024-07-02 18:54:00,43,-1.0
2024-07-02 20:04:00,91,-1.0
2024-07-02 20:07:00,90,-1.0
2024-07-02 20:11:00,89,-1.0
2024-07-02 20:11:00,88,-1.0
2024-07-02 20:15:00,87,-1.0
2024-07-02 20:17:00,86,-1.0
2024-07-02 20:20:00,85,-1.0
2024-07-02 20:25:00,84,-1.0
2024-07-02 20:28:00,83,-1.0
2024-07-02 20:30:00,82,-1.0
2024-07-02 20:34:00,81,-1.0
2024-07-02 20:36:00,80,-1.0
2024-07-02 20:39:00,79,-1.0
2024-07-02 20:43:00,78,-1.0
2024-07-02 20:47:00,77,-1.0
2024-07-02 20:49:00,76,-1.0
2024-07-02 20:52:00,75,-1.0
2024-07-02 20:53:00,74,-1.0
2024-07-02 20:58:00,73,-1.0
2024-07-02 21:05:00,72,-1.0
2024-07-02 21:08:00,71,-1.0
2024-07-02 21:11:00,70,-1.0
2024-07-02 21:14:00,69,-1.0
2024-07-02 21:17:00,68,-1.0
2024-07-02 21:23:00,67,-1.0
2024-07-02 21:24:00,66,-1.0
2024-07-02 21:27:00,65,-1.0
2024-07-02 21:32:00,64,-1.0
2024-07-02 21:35:00,63,-1.0
2024-07-02 21:40:00,62,-1.0
2024-07-02 21:42:00,61,-1.0
2024-07-02 21:46:00,60,-1.0
2024-07-02 21:51:00,58,-2.0
2024-07-02 21:57:00,56,-2.0
2024-07-02 21:59:00,55,-1.0
2024-07-02 22:03:00,54,-1.0
2024-07-02 22:03:00,53,-1.0
2024-07-02 22:06:00,52,-1.0
2024-07-02 22:09:00,51,-1.0
2024-07-02 22:10:00,51,-1.0
2024-07-02 22:12:00,50,-1.0
2024-07-02 22:14:00,49,-1.0
2024-07-02 22:16:00,48,-1.0
2024-07-02 22:17:00,48,-1.0
2024-07-02 22:20:00,47,-1.0
2024-07-02 22:23:00,46,-1.0
2024-07-02 22:26:00,45,-1.0
2024-07-02 22:29:00,44,-1.0
2024-07-02 22:34:00,43,-1.0
2024-07-02 22:38:00,42,-1.0
2024-07-02 22:41:00,41,-1.0
2024-07-02 22:45:00,40,-1.0
2024-07-02 22:48:00,39,-1.0
2024-07-02 22:53:00,38,-1.0
2024-07-02 22:58:00,37,-1.0
2024-07-02 23:03:00,36,-1.0
2024-07-02 23:03:00,36,-1.0
2024-07-02 23:08:00,35,-1.0
2024-07-02 23:18:00,34,-1.0
2024-07-02 23:18:00,34,-1.0
2024-07-02 23:30:00,33,-1.0
2024-07-02 23:35:00,32,-1.0
2024-07-02 23:43:00,31,-1.0
2024-07-02 23:44:00,31,-1.0
2024-07-02 23:48:00,30,-1.0
2024-07-02 23:49:00,30,-1.0
2024-07-03 00:09:00,29,-1.0
2024-07-03 00:09:00,29,-1.0
2024-07-03 02:38:00,99,-1.0
2024-07-03 08:54:00,98,-1.0
2024-07-03 09:17:00,97,-1.0
2024-07-03 09:21:00,96,-1.0
2024-07-03 09:34:00,95,-1.0
2024-07-03 09:44:00,94,-1.0
2024-07-03 10:07:00,93,-1.0
2024-07-03 10:20:00,92,-1.0
